Unspecified,Book
Unspecified,Pen
Unspecified,Chair
Unspecified,Notebook
Unspecified,Backpack
Unspecified,Umbrella
Unspecified,Toy car
Unspecified,Socks
Unspecified,Keychain
Unspecified,Sticker
Unspecified,Book
Unspecified,Pen
Unspecified,Chair
Unspecified,Notebook
Unspecified,Backpack
Unspecified,Umbrella
Unspecified,Toy car
Unspecified,Socks
Unspecified,Keychain
Unspecified,Sticker
Unspecified,Book
Unspecified,Pen
Unspecified,Chair
Unspecified,Notebook
Unspecified,Backpack
Unspecified,Umbrella
Unspecified,Toy car
Unspecified,Socks
Unspecified,Keychain
Unspecified,Sticker
Unspecified,Book
Unspecified,Pen
Unspecified,Chair
Unspecified,Notebook
Unspecified,Backpack
Unspecified,Umbrella
Unspecified,Toy car
Unspecified,Socks
Unspecified,Keychain
Unspecified,Sticker
Unspecified,Book
Unspecified,Pen
Unspecified,Chair
Unspecified,Notebook
Unspecified,Backpack
Unspecified,Umbrella
Unspecified,Toy car
Unspecified,Socks
Unspecified,Keychain
Unspecified,Sticker
Unspecified,Book
Unspecified,Pen
Unspecified,Chair
Unspecified,Notebook
Unspecified,Backpack
Unspecified,Umbrella
Unspecified,Toy car
Unspecified,Socks
Unspecified,Keychain
Unspecified,Sticker
Unspecified,Book
Unspecified,Pen
Unspecified,Chair
Unspecified,Notebook
Unspecified,Backpack
Unspecified,Umbrella
Unspecified,Toy car
Unspecified,Socks
Unspecified,Keychain
Unspecified,Sticker
Unspecified,Book
Unspecified,Pen
Unspecified,Chair
Unspecified,Notebook
Unspecified,Backpack
Unspecified,Umbrella
Unspecified,Toy car
Unspecified,Socks
Unspecified,Keychain
Unspecified,Sticker
Unspecified,Book
Unspecified,Pen
Unspecified,Chair
Unspecified,Notebook
Unspecified,Backpack
Unspecified,Umbrella
Unspecified,Toy car
Unspecified,Socks
Unspecified,Keychain
Unspecified,Sticker
Unspecified,Book
Unspecified,Pen
Unspecified,Chair
Unspecified,Notebook
Unspecified,Backpack
Unspecified,Umbrella
Unspecified,Toy car
Unspecified,Socks
Unspecified,Keychain
Unspecified,Sticker
Unspecified,Book
Unspecified,Pen
Unspecified,Chair
Unspecified,Notebook
Unspecified,Backpack
Unspecified,Umbrella
Unspecified,Toy car
Unspecified,Socks
Unspecified,Keychain
Unspecified,Sticker
Unspecified,Book
Unspecified,Pen
Unspecified,Chair
Unspecified,Notebook
Unspecified,Backpack
Unspecified,Umbrella
Unspecified,Toy car
Unspecified,Socks
Unspecified,Keychain
Unspecified,Sticker
Unspecified,Book
Unspecified,Pen
Unspecified,Chair
Unspecified,Notebook
Unspecified,Backpack
Unspecified,Umbrella
Unspecified,Toy car
Unspecified,Socks
Unspecified,Keychain
Unspecified,Sticker
Unspecified,Book
Unspecified,Pen
Unspecified,Chair
Unspecified,Notebook
Unspecified,Backpack
Unspecified,Umbrella
Unspecified,Toy car
Unspecified,Socks
Unspecified,Keychain
Unspecified,Sticker
Unspecified,Book
Unspecified,Pen
Unspecified,Chair
Unspecified,Notebook
Unspecified,Backpack
Unspecified,Umbrella
Unspecified,Toy car
Unspecified,Socks
Unspecified,Keychain
Unspecified,Sticker
Unspecified,Book
Unspecified,Pen
Unspecified,Chair
Unspecified,Notebook
Unspecified,Backpack
Unspecified,Umbrella
Unspecified,Toy car
Unspecified,Socks
Unspecified,Keychain
Unspecified,Sticker
Unspecified,Book
Unspecified,Pen
Unspecified,Chair
Unspecified,Notebook
Unspecified,Backpack
Unspecified,Umbrella
Unspecified,Toy car
Unspecified,Socks
Unspecified,Keychain
Unspecified,Sticker
Unspecified,Book
Unspecified,Pen
Unspecified,Chair
Unspecified,Notebook
Unspecified,Backpack
Unspecified,Umbrella
Unspecified,Toy car
Unspecified,Socks
Unspecified,Keychain
Unspecified,Sticker
Unspecified,Book
Unspecified,Pen
Unspecified,Chair
Unspecified,Notebook
Unspecified,Backpack
Unspecified,Umbrella
Unspecified,Toy car
Unspecified,Socks
Unspecified,Keychain
Unspecified,Sticker
Unspecified,Book
Unspecified,Pen
Unspecified,Chair
Unspecified,Notebook
Unspecified,Backpack
Unspecified,Umbrella
Unspecified,Toy car
Unspecified,Socks
Unspecified,Keychain
Unspecified,Sticker
Unspecified,Book
Unspecified,Pen
Unspecified,Chair
Unspecified,Notebook
Unspecified,Backpack
Unspecified,Umbrella
Unspecified,Toy car
Unspecified,Socks
Unspecified,Keychain
Unspecified,Sticker
Unspecified,Book
Unspecified,Pen
Unspecified,Chair
Unspecified,Notebook
Unspecified,Backpack
Unspecified,Umbrella
Unspecified,Toy car
Unspecified,Socks
Unspecified,Keychain
Unspecified,Sticker
Unspecified,Book
Unspecified,Pen
Unspecified,Chair
Unspecified,Notebook
Unspecified,Backpack
Unspecified,Umbrella
Unspecified,Toy car
Unspecified,Socks
Unspecified,Keychain
Unspecified,Sticker
Unspecified,Book
Unspecified,Pen
Unspecified,Chair
Unspecified,Notebook
Unspecified,Backpack
Unspecified,Umbrella
Unspecified,Toy car
Unspecified,Socks
Unspecified,Keychain
Unspecified,Sticker
Unspecified,Book
Unspecified,Pen
Unspecified,Chair
Unspecified,Notebook
Unspecified,Backpack
Unspecified,Umbrella
Unspecified,Toy car
Unspecified,Socks
Unspecified,Keychain
Unspecified,Sticker
Unspecified,Book
Unspecified,Pen
Unspecified,Chair
Unspecified,Notebook
Unspecified,Backpack
Unspecified,Umbrella
Unspecified,Toy car
Unspecified,Socks
Unspecified,Keychain
Unspecified,Sticker
Unspecified,Book
Unspecified,Pen
Unspecified,Chair
Unspecified,Notebook
Unspecified,Backpack
Unspecified,Umbrella
Unspecified,Toy car
Unspecified,Socks
Unspecified,Keychain
Unspecified,Sticker
Unspecified,Book
Unspecified,Pen
Unspecified,Chair
Unspecified,Notebook
Unspecified,Backpack
Unspecified,Umbrella
Unspecified,Toy car
Unspecified,Socks
Unspecified,Keychain
Unspecified,Sticker
Unspecified,Book
Unspecified,Pen
Unspecified,Chair
Unspecified,Notebook
Unspecified,Backpack
Unspecified,Umbrella
Unspecified,Toy car
Unspecified,Socks
Unspecified,Keychain
Unspecified,Sticker
Food,Canned food
Food,Bread
Food,Milk
Food,Cheese
Food,Yogurt
Food,Apple
Food,Banana
Food,Chicken
Food,Rice
Food,Pasta
Food,Canned food
Food,Bread
Food,Milk
Food,Cheese
Food,Yogurt
Food,Apple
Food,Banana
Food,Chicken
Food,Rice
Food,Pasta
Food,Canned food
Food,Bread
Food,Milk
Food,Cheese
Food,Yogurt
Food,Apple
Food,Banana
Food,Chicken
Food,Rice
Food,Pasta
Food,Canned food
Food,Bread
Food,Milk
Food,Cheese
Food,Yogurt
Food,Apple
Food,Banana
Food,Chicken
Food,Rice
Food,Pasta
Food,Canned food
Food,Bread
Food,Milk
Food,Cheese
Food,Yogurt
Food,Apple
Food,Banana
Food,Chicken
Food,Rice
Food,Pasta
Food,Canned food
Food,Bread
Food,Milk
Food,Cheese
Food,Yogurt
Food,Apple
Food,Banana
Food,Chicken
Food,Rice
Food,Pasta
Food,Canned food
Food,Bread
Food,Milk
Food,Cheese
Food,Yogurt
Food,Apple
Food,Banana
Food,Chicken
Food,Rice
Food,Pasta
Food,Canned food
Food,Bread
Food,Milk
Food,Cheese
Food,Yogurt
Food,Apple
Food,Banana
Food,Chicken
Food,Rice
Food,Pasta
Food,Canned food
Food,Bread
Food,Milk
Food,Cheese
Food,Yogurt
Food,Apple
Food,Banana
Food,Chicken
Food,Rice
Food,Pasta
Food,Canned food
Food,Bread
Food,Milk
Food,Cheese
Food,Yogurt
Food,Apple
Food,Banana
Food,Chicken
Food,Rice
Food,Pasta
Food,Canned food
Food,Bread
Food,Milk
Food,Cheese
Food,Yogurt
Food,Apple
Food,Banana
Food,Chicken
Food,Rice
Food,Pasta
Food,Canned food
Food,Bread
Food,Milk
Food,Cheese
Food,Yogurt
Food,Apple
Food,Banana
Food,Chicken
Food,Rice
Food,Pasta
Food,Canned food
Food,Bread
Food,Milk
Food,Cheese
Food,Yogurt
Food,Apple
Food,Banana
Food,Chicken
Food,Rice
Food,Pasta
Food,Canned food
Food,Bread
Food,Milk
Food,Cheese
Food,Yogurt
Food,Apple
Food,Banana
Food,Chicken
Food,Rice
Food,Pasta
Food,Canned food
Food,Bread
Food,Milk
Food,Cheese
Food,Yogurt
Food,Apple
Food,Banana
Food,Chicken
Food,Rice
Food,Pasta
Food,Canned food
Food,Bread
Food,Milk
Food,Cheese
Food,Yogurt
Food,Apple
Food,Banana
Food,Chicken
Food,Rice
Food,Pasta
Food,Canned food
Food,Bread
Food,Milk
Food,Cheese
Food,Yogurt
Food,Apple
Food,Banana
Food,Chicken
Food,Rice
Food,Pasta
Food,Canned food
Food,Bread
Food,Milk
Food,Cheese
Food,Yogurt
Food,Apple
Food,Banana
Food,Chicken
Food,Rice
Food,Pasta
Food,Canned food
Food,Bread
Food,Milk
Food,Cheese
Food,Yogurt
Food,Apple
Food,Banana
Food,Chicken
Food,Rice
Food,Pasta
Food,Canned food
Food,Bread
Food,Milk
Food,Cheese
Food,Yogurt
Food,Apple
Food,Banana
Food,Chicken
Food,Rice
Food,Pasta
Food,Canned food
Food,Bread
Food,Milk
Food,Cheese
Food,Yogurt
Food,Apple
Food,Banana
Food,Chicken
Food,Rice
Food,Pasta
Food,Canned food
Food,Bread
Food,Milk
Food,Cheese
Food,Yogurt
Food,Apple
Food,Banana
Food,Chicken
Food,Rice
Food,Pasta
Food,Canned food
Food,Bread
Food,Milk
Food,Cheese
Food,Yogurt
Food,Apple
Food,Banana
Food,Chicken
Food,Rice
Food,Pasta
Food,Canned food
Food,Bread
Food,Milk
Food,Cheese
Food,Yogurt
Food,Apple
Food,Banana
Food,Chicken
Food,Rice
Food,Pasta
Food,Canned food
Food,Bread
Food,Milk
Food,Cheese
Food,Yogurt
Food,Apple
Food,Banana
Food,Chicken
Food,Rice
Food,Pasta
Food,Canned food
Food,Bread
Food,Milk
Food,Cheese
Food,Yogurt
Food,Apple
Food,Banana
Food,Chicken
Food,Rice
Food,Pasta
Food,Canned food
Food,Bread
Food,Milk
Food,Cheese
Food,Yogurt
Food,Apple
Food,Banana
Food,Chicken
Food,Rice
Food,Pasta
Food,Canned food
Food,Bread
Food,Milk
Food,Cheese
Food,Yogurt
Food,Apple
Food,Banana
Food,Chicken
Food,Rice
Food,Pasta
Food,Canned food
Food,Bread
Food,Milk
Food,Cheese
Food,Yogurt
Food,Apple
Food,Banana
Food,Chicken
Food,Rice
Food,Pasta
Flammable,Gasoline bottle
Flammable,Matches
Flammable,Lighter
Flammable,Butane gas
Flammable,Alcohol
Flammable,Paint
Flammable,Varnish
Flammable,Aerosol spray
Flammable,Candle
Flammable,Oil
Flammable,Gasoline bottle
Flammable,Matches
Flammable,Lighter
Flammable,Butane gas
Flammable,Alcohol
Flammable,Paint
Flammable,Varnish
Flammable,Aerosol spray
Flammable,Candle
Flammable,Oil
Flammable,Gasoline bottle
Flammable,Matches
Flammable,Lighter
Flammable,Butane gas
Flammable,Alcohol
Flammable,Paint
Flammable,Varnish
Flammable,Aerosol spray
Flammable,Candle
Flammable,Oil
Flammable,Gasoline bottle
Flammable,Matches
Flammable,Lighter
Flammable,Butane gas
Flammable,Alcohol
Flammable,Paint
Flammable,Varnish
Flammable,Aerosol spray
Flammable,Candle
Flammable,Oil
Flammable,Gasoline bottle
Flammable,Matches
Flammable,Lighter
Flammable,Butane gas
Flammable,Alcohol
Flammable,Paint
Flammable,Varnish
Flammable,Aerosol spray
Flammable,Candle
Flammable,Oil
Flammable,Gasoline bottle
Flammable,Matches
Flammable,Lighter
Flammable,Butane gas
Flammable,Alcohol
Flammable,Paint
Flammable,Varnish
Flammable,Aerosol spray
Flammable,Candle
Flammable,Oil
Flammable,Gasoline bottle
Flammable,Matches
Flammable,Lighter
Flammable,Butane gas
Flammable,Alcohol
Flammable,Paint
Flammable,Varnish
Flammable,Aerosol spray
Flammable,Candle
Flammable,Oil
Flammable,Gasoline bottle
Flammable,Matches
Flammable,Lighter
Flammable,Butane gas
Flammable,Alcohol
Flammable,Paint
Flammable,Varnish
Flammable,Aerosol spray
Flammable,Candle
Flammable,Oil
Flammable,Gasoline bottle
Flammable,Matches
Flammable,Lighter
Flammable,Butane gas
Flammable,Alcohol
Flammable,Paint
Flammable,Varnish
Flammable,Aerosol spray
Flammable,Candle
Flammable,Oil
Flammable,Gasoline bottle
Flammable,Matches
Flammable,Lighter
Flammable,Butane gas
Flammable,Alcohol
Flammable,Paint
Flammable,Varnish
Flammable,Aerosol spray
Flammable,Candle
Flammable,Oil
Flammable,Gasoline bottle
Flammable,Matches
Flammable,Lighter
Flammable,Butane gas
Flammable,Alcohol
Flammable,Paint
Flammable,Varnish
Flammable,Aerosol spray
Flammable,Candle
Flammable,Oil
Flammable,Gasoline bottle
Flammable,Matches
Flammable,Lighter
Flammable,Butane gas
Flammable,Alcohol
Flammable,Paint
Flammable,Varnish
Flammable,Aerosol spray
Flammable,Candle
Flammable,Oil
Flammable,Gasoline bottle
Flammable,Matches
Flammable,Lighter
Flammable,Butane gas
Flammable,Alcohol
Flammable,Paint
Flammable,Varnish
Flammable,Aerosol spray
Flammable,Candle
Flammable,Oil
Flammable,Gasoline bottle
Flammable,Matches
Flammable,Lighter
Flammable,Butane gas
Flammable,Alcohol
Flammable,Paint
Flammable,Varnish
Flammable,Aerosol spray
Flammable,Candle
Flammable,Oil
Flammable,Gasoline bottle
Flammable,Matches
Flammable,Lighter
Flammable,Butane gas
Flammable,Alcohol
Flammable,Paint
Flammable,Varnish
Flammable,Aerosol spray
Flammable,Candle
Flammable,Oil
Flammable,Gasoline bottle
Flammable,Matches
Flammable,Lighter
Flammable,Butane gas
Flammable,Alcohol
Flammable,Paint
Flammable,Varnish
Flammable,Aerosol spray
Flammable,Candle
Flammable,Oil
Flammable,Gasoline bottle
Flammable,Matches
Flammable,Lighter
Flammable,Butane gas
Flammable,Alcohol
Flammable,Paint
Flammable,Varnish
Flammable,Aerosol spray
Flammable,Candle
Flammable,Oil
Flammable,Gasoline bottle
Flammable,Matches
Flammable,Lighter
Flammable,Butane gas
Flammable,Alcohol
Flammable,Paint
Flammable,Varnish
Flammable,Aerosol spray
Flammable,Candle
Flammable,Oil
Flammable,Gasoline bottle
Flammable,Matches
Flammable,Lighter
Flammable,Butane gas
Flammable,Alcohol
Flammable,Paint
Flammable,Varnish
Flammable,Aerosol spray
Flammable,Candle
Flammable,Oil
Flammable,Gasoline bottle
Flammable,Matches
Flammable,Lighter
Flammable,Butane gas
Flammable,Alcohol
Flammable,Paint
Flammable,Varnish
Flammable,Aerosol spray
Flammable,Candle
Flammable,Oil
Flammable,Gasoline bottle
Flammable,Matches
Flammable,Lighter
Flammable,Butane gas
Flammable,Alcohol
Flammable,Paint
Flammable,Varnish
Flammable,Aerosol spray
Flammable,Candle
Flammable,Oil
Flammable,Gasoline bottle
Flammable,Matches
Flammable,Lighter
Flammable,Butane gas
Flammable,Alcohol
Flammable,Paint
Flammable,Varnish
Flammable,Aerosol spray
Flammable,Candle
Flammable,Oil
Flammable,Gasoline bottle
Flammable,Matches
Flammable,Lighter
Flammable,Butane gas
Flammable,Alcohol
Flammable,Paint
Flammable,Varnish
Flammable,Aerosol spray
Flammable,Candle
Flammable,Oil
Flammable,Gasoline bottle
Flammable,Matches
Flammable,Lighter
Flammable,Butane gas
Flammable,Alcohol
Flammable,Paint
Flammable,Varnish
Flammable,Aerosol spray
Flammable,Candle
Flammable,Oil
Flammable,Gasoline bottle
Flammable,Matches
Flammable,Lighter
Flammable,Butane gas
Flammable,Alcohol
Flammable,Paint
Flammable,Varnish
Flammable,Aerosol spray
Flammable,Candle
Flammable,Oil
Flammable,Gasoline bottle
Flammable,Matches
Flammable,Lighter
Flammable,Butane gas
Flammable,Alcohol
Flammable,Paint
Flammable,Varnish
Flammable,Aerosol spray
Flammable,Candle
Flammable,Oil
Flammable,Gasoline bottle
Flammable,Matches
Flammable,Lighter
Flammable,Butane gas
Flammable,Alcohol
Flammable,Paint
Flammable,Varnish
Flammable,Aerosol spray
Flammable,Candle
Flammable,Oil
Flammable,Gasoline bottle
Flammable,Matches
Flammable,Lighter
Flammable,Butane gas
Flammable,Alcohol
Flammable,Paint
Flammable,Varnish
Flammable,Aerosol spray
Flammable,Candle
Flammable,Oil
Flammable,Gasoline bottle
Flammable,Matches
Flammable,Lighter
Flammable,Butane gas
Flammable,Alcohol
Flammable,Paint
Flammable,Varnish
Flammable,Aerosol spray
Flammable,Candle
Flammable,Oil
Explosive,Firework
Explosive,Dynamite
Explosive,Gunpowder
Explosive,Cartridge
Explosive,Mine
Explosive,Grenade
Explosive,Explosive charge
Explosive,Detonator
Explosive,Starter cartridge
Explosive,Firecracker
Explosive,Firework
Explosive,Dynamite
Explosive,Gunpowder
Explosive,Cartridge
Explosive,Mine
Explosive,Grenade
Explosive,Explosive charge
Explosive,Detonator
Explosive,Starter cartridge
Explosive,Firecracker
Explosive,Firework
Explosive,Dynamite
Explosive,Gunpowder
Explosive,Cartridge
Explosive,Mine
Explosive,Grenade
Explosive,Explosive charge
Explosive,Detonator
Explosive,Starter cartridge
Explosive,Firecracker
Explosive,Firework
Explosive,Dynamite
Explosive,Gunpowder
Explosive,Cartridge
Explosive,Mine
Explosive,Grenade
Explosive,Explosive charge
Explosive,Detonator
Explosive,Starter cartridge
Explosive,Firecracker
Explosive,Firework
Explosive,Dynamite
Explosive,Gunpowder
Explosive,Cartridge
Explosive,Mine
Explosive,Grenade
Explosive,Explosive charge
Explosive,Detonator
Explosive,Starter cartridge
Explosive,Firecracker
Explosive,Firework
Explosive,Dynamite
Explosive,Gunpowder
Explosive,Cartridge
Explosive,Mine
Explosive,Grenade
Explosive,Explosive charge
Explosive,Detonator
Explosive,Starter cartridge
Explosive,Firecracker
Explosive,Firework
Explosive,Dynamite
Explosive,Gunpowder
Explosive,Cartridge
Explosive,Mine
Explosive,Grenade
Explosive,Explosive charge
Explosive,Detonator
Explosive,Starter cartridge
Explosive,Firecracker
Explosive,Firework
Explosive,Dynamite
Explosive,Gunpowder
Explosive,Cartridge
Explosive,Mine
Explosive,Grenade
Explosive,Explosive charge
Explosive,Detonator
Explosive,Starter cartridge
Explosive,Firecracker
Explosive,Firework
Explosive,Dynamite
Explosive,Gunpowder
Explosive,Cartridge
Explosive,Mine
Explosive,Grenade
Explosive,Explosive charge
Explosive,Detonator
Explosive,Starter cartridge
Explosive,Firecracker
Explosive,Firework
Explosive,Dynamite
Explosive,Gunpowder
Explosive,Cartridge
Explosive,Mine
Explosive,Grenade
Explosive,Explosive charge
Explosive,Detonator
Explosive,Starter cartridge
Explosive,Firecracker
Explosive,Firework
Explosive,Dynamite
Explosive,Gunpowder
Explosive,Cartridge
Explosive,Mine
Explosive,Grenade
Explosive,Explosive charge
Explosive,Detonator
Explosive,Starter cartridge
Explosive,Firecracker
Explosive,Firework
Explosive,Dynamite
Explosive,Gunpowder
Explosive,Cartridge
Explosive,Mine
Explosive,Grenade
Explosive,Explosive charge
Explosive,Detonator
Explosive,Starter cartridge
Explosive,Firecracker
Explosive,Firework
Explosive,Dynamite
Explosive,Gunpowder
Explosive,Cartridge
Explosive,Mine
Explosive,Grenade
Explosive,Explosive charge
Explosive,Detonator
Explosive,Starter cartridge
Explosive,Firecracker
Explosive,Firework
Explosive,Dynamite
Explosive,Gunpowder
Explosive,Cartridge
Explosive,Mine
Explosive,Grenade
Explosive,Explosive charge
Explosive,Detonator
Explosive,Starter cartridge
Explosive,Firecracker
Explosive,Firework
Explosive,Dynamite
Explosive,Gunpowder
Explosive,Cartridge
Explosive,Mine
Explosive,Grenade
Explosive,Explosive charge
Explosive,Detonator
Explosive,Starter cartridge
Explosive,Firecracker
Explosive,Firework
Explosive,Dynamite
Explosive,Gunpowder
Explosive,Cartridge
Explosive,Mine
Explosive,Grenade
Explosive,Explosive charge
Explosive,Detonator
Explosive,Starter cartridge
Explosive,Firecracker
Explosive,Firework
Explosive,Dynamite
Explosive,Gunpowder
Explosive,Cartridge
Explosive,Mine
Explosive,Grenade
Explosive,Explosive charge
Explosive,Detonator
Explosive,Starter cartridge
Explosive,Firecracker
Explosive,Firework
Explosive,Dynamite
Explosive,Gunpowder
Explosive,Cartridge
Explosive,Mine
Explosive,Grenade
Explosive,Explosive charge
Explosive,Detonator
Explosive,Starter cartridge
Explosive,Firecracker
Explosive,Firework
Explosive,Dynamite
Explosive,Gunpowder
Explosive,Cartridge
Explosive,Mine
Explosive,Grenade
Explosive,Explosive charge
Explosive,Detonator
Explosive,Starter cartridge
Explosive,Firecracker
Explosive,Firework
Explosive,Dynamite
Explosive,Gunpowder
Explosive,Cartridge
Explosive,Mine
Explosive,Grenade
Explosive,Explosive charge
Explosive,Detonator
Explosive,Starter cartridge
Explosive,Firecracker
Explosive,Firework
Explosive,Dynamite
Explosive,Gunpowder
Explosive,Cartridge
Explosive,Mine
Explosive,Grenade
Explosive,Explosive charge
Explosive,Detonator
Explosive,Starter cartridge
Explosive,Firecracker
Explosive,Firework
Explosive,Dynamite
Explosive,Gunpowder
Explosive,Cartridge
Explosive,Mine
Explosive,Grenade
Explosive,Explosive charge
Explosive,Detonator
Explosive,Starter cartridge
Explosive,Firecracker
Explosive,Firework
Explosive,Dynamite
Explosive,Gunpowder
Explosive,Cartridge
Explosive,Mine
Explosive,Grenade
Explosive,Explosive charge
Explosive,Detonator
Explosive,Starter cartridge
Explosive,Firecracker
Explosive,Firework
Explosive,Dynamite
Explosive,Gunpowder
Explosive,Cartridge
Explosive,Mine
Explosive,Grenade
Explosive,Explosive charge
Explosive,Detonator
Explosive,Starter cartridge
Explosive,Firecracker
Explosive,Firework
Explosive,Dynamite
Explosive,Gunpowder
Explosive,Cartridge
Explosive,Mine
Explosive,Grenade
Explosive,Explosive charge
Explosive,Detonator
Explosive,Starter cartridge
Explosive,Firecracker
Explosive,Firework
Explosive,Dynamite
Explosive,Gunpowder
Explosive,Cartridge
Explosive,Mine
Explosive,Grenade
Explosive,Explosive charge
Explosive,Detonator
Explosive,Starter cartridge
Explosive,Firecracker
Explosive,Firework
Explosive,Dynamite
Explosive,Gunpowder
Explosive,Cartridge
Explosive,Mine
Explosive,Grenade
Explosive,Explosive charge
Explosive,Detonator
Explosive,Starter cartridge
Explosive,Firecracker
Explosive,Firework
Explosive,Dynamite
Explosive,Gunpowder
Explosive,Cartridge
Explosive,Mine
Explosive,Grenade
Explosive,Explosive charge
Explosive,Detonator
Explosive,Starter cartridge
Explosive,Firecracker
Explosive,Firework
Explosive,Dynamite
Explosive,Gunpowder
Explosive,Cartridge
Explosive,Mine
Explosive,Grenade
Explosive,Explosive charge
Explosive,Detonator
Explosive,Starter cartridge
Explosive,Firecracker
Toxic,Industrial chemical
Toxic,Pesticide
Toxic,Cyanide
Toxic,Mercury
Toxic,Asbestos
Toxic,Arsenic
Toxic,Lead
Toxic,Nitric acid
Toxic,Insecticide
Toxic,Toxic solvent
Toxic,Industrial chemical
Toxic,Pesticide
Toxic,Cyanide
Toxic,Mercury
Toxic,Asbestos
Toxic,Arsenic
Toxic,Lead
Toxic,Nitric acid
Toxic,Insecticide
Toxic,Toxic solvent
Toxic,Industrial chemical
Toxic,Pesticide
Toxic,Cyanide
Toxic,Mercury
Toxic,Asbestos
Toxic,Arsenic
Toxic,Lead
Toxic,Nitric acid
Toxic,Insecticide
Toxic,Toxic solvent
Toxic,Industrial chemical
Toxic,Pesticide
Toxic,Cyanide
Toxic,Mercury
Toxic,Asbestos
Toxic,Arsenic
Toxic,Lead
Toxic,Nitric acid
Toxic,Insecticide
Toxic,Toxic solvent
Toxic,Industrial chemical
Toxic,Pesticide
Toxic,Cyanide
Toxic,Mercury
Toxic,Asbestos
Toxic,Arsenic
Toxic,Lead
Toxic,Nitric acid
Toxic,Insecticide
Toxic,Toxic solvent
Toxic,Industrial chemical
Toxic,Pesticide
Toxic,Cyanide
Toxic,Mercury
Toxic,Asbestos
Toxic,Arsenic
Toxic,Lead
Toxic,Nitric acid
Toxic,Insecticide
Toxic,Toxic solvent
Toxic,Industrial chemical
Toxic,Pesticide
Toxic,Cyanide
Toxic,Mercury
Toxic,Asbestos
Toxic,Arsenic
Toxic,Lead
Toxic,Nitric acid
Toxic,Insecticide
Toxic,Toxic solvent
Toxic,Industrial chemical
Toxic,Pesticide
Toxic,Cyanide
Toxic,Mercury
Toxic,Asbestos
Toxic,Arsenic
Toxic,Lead
Toxic,Nitric acid
Toxic,Insecticide
Toxic,Toxic solvent
Toxic,Industrial chemical
Toxic,Pesticide
Toxic,Cyanide
Toxic,Mercury
Toxic,Asbestos
Toxic,Arsenic
Toxic,Lead
Toxic,Nitric acid
Toxic,Insecticide
Toxic,Toxic solvent
Toxic,Industrial chemical
Toxic,Pesticide
Toxic,Cyanide
Toxic,Mercury
Toxic,Asbestos
Toxic,Arsenic
Toxic,Lead
Toxic,Nitric acid
Toxic,Insecticide
Toxic,Toxic solvent
Toxic,Industrial chemical
Toxic,Pesticide
Toxic,Cyanide
Toxic,Mercury
Toxic,Asbestos
Toxic,Arsenic
Toxic,Lead
Toxic,Nitric acid
Toxic,Insecticide
Toxic,Toxic solvent
Toxic,Industrial chemical
Toxic,Pesticide
Toxic,Cyanide
Toxic,Mercury
Toxic,Asbestos
Toxic,Arsenic
Toxic,Lead
Toxic,Nitric acid
Toxic,Insecticide
Toxic,Toxic solvent
Toxic,Industrial chemical
Toxic,Pesticide
Toxic,Cyanide
Toxic,Mercury
Toxic,Asbestos
Toxic,Arsenic
Toxic,Lead
Toxic,Nitric acid
Toxic,Insecticide
Toxic,Toxic solvent
Toxic,Industrial chemical
Toxic,Pesticide
Toxic,Cyanide
Toxic,Mercury
Toxic,Asbestos
Toxic,Arsenic
Toxic,Lead
Toxic,Nitric acid
Toxic,Insecticide
Toxic,Toxic solvent
Toxic,Industrial chemical
Toxic,Pesticide
Toxic,Cyanide
Toxic,Mercury
Toxic,Asbestos
Toxic,Arsenic
Toxic,Lead
Toxic,Nitric acid
Toxic,Insecticide
Toxic,Toxic solvent
Toxic,Industrial chemical
Toxic,Pesticide
Toxic,Cyanide
Toxic,Mercury
Toxic,Asbestos
Toxic,Arsenic
Toxic,Lead
Toxic,Nitric acid
Toxic,Insecticide
Toxic,Toxic solvent
Toxic,Industrial chemical
Toxic,Pesticide
Toxic,Cyanide
Toxic,Mercury
Toxic,Asbestos
Toxic,Arsenic
Toxic,Lead
Toxic,Nitric acid
Toxic,Insecticide
Toxic,Toxic solvent
Toxic,Industrial chemical
Toxic,Pesticide
Toxic,Cyanide
Toxic,Mercury
Toxic,Asbestos
Toxic,Arsenic
Toxic,Lead
Toxic,Nitric acid
Toxic,Insecticide
Toxic,Toxic solvent
Toxic,Industrial chemical
Toxic,Pesticide
Toxic,Cyanide
Toxic,Mercury
Toxic,Asbestos
Toxic,Arsenic
Toxic,Lead
Toxic,Nitric acid
Toxic,Insecticide
Toxic,Toxic solvent
Toxic,Industrial chemical
Toxic,Pesticide
Toxic,Cyanide
Toxic,Mercury
Toxic,Asbestos
Toxic,Arsenic
Toxic,Lead
Toxic,Nitric acid
Toxic,Insecticide
Toxic,Toxic solvent
Toxic,Industrial chemical
Toxic,Pesticide
Toxic,Cyanide
Toxic,Mercury
Toxic,Asbestos
Toxic,Arsenic
Toxic,Lead
Toxic,Nitric acid
Toxic,Insecticide
Toxic,Toxic solvent
Toxic,Industrial chemical
Toxic,Pesticide
Toxic,Cyanide
Toxic,Mercury
Toxic,Asbestos
Toxic,Arsenic
Toxic,Lead
Toxic,Nitric acid
Toxic,Insecticide
Toxic,Toxic solvent
Toxic,Industrial chemical
Toxic,Pesticide
Toxic,Cyanide
Toxic,Mercury
Toxic,Asbestos
Toxic,Arsenic
Toxic,Lead
Toxic,Nitric acid
Toxic,Insecticide
Toxic,Toxic solvent
Toxic,Industrial chemical
Toxic,Pesticide
Toxic,Cyanide
Toxic,Mercury
Toxic,Asbestos
Toxic,Arsenic
Toxic,Lead
Toxic,Nitric acid
Toxic,Insecticide
Toxic,Toxic solvent
Toxic,Industrial chemical
Toxic,Pesticide
Toxic,Cyanide
Toxic,Mercury
Toxic,Asbestos
Toxic,Arsenic
Toxic,Lead
Toxic,Nitric acid
Toxic,Insecticide
Toxic,Toxic solvent
Toxic,Industrial chemical
Toxic,Pesticide
Toxic,Cyanide
Toxic,Mercury
Toxic,Asbestos
Toxic,Arsenic
Toxic,Lead
Toxic,Nitric acid
Toxic,Insecticide
Toxic,Toxic solvent
Toxic,Industrial chemical
Toxic,Pesticide
Toxic,Cyanide
Toxic,Mercury
Toxic,Asbestos
Toxic,Arsenic
Toxic,Lead
Toxic,Nitric acid
Toxic,Insecticide
Toxic,Toxic solvent
Toxic,Industrial chemical
Toxic,Pesticide
Toxic,Cyanide
Toxic,Mercury
Toxic,Asbestos
Toxic,Arsenic
Toxic,Lead
Toxic,Nitric acid
Toxic,Insecticide
Toxic,Toxic solvent
Toxic,Industrial chemical
Toxic,Pesticide
Toxic,Cyanide
Toxic,Mercury
Toxic,Asbestos
Toxic,Arsenic
Toxic,Lead
Toxic,Nitric acid
Toxic,Insecticide
Toxic,Toxic solvent
Toxic,Industrial chemical
Toxic,Pesticide
Toxic,Cyanide
Toxic,Mercury
Toxic,Asbestos
Toxic,Arsenic
Toxic,Lead
Toxic,Nitric acid
Toxic,Insecticide
Toxic,Toxic solvent
Radioactive,Used radiation detector
Radioactive,Uranium
Radioactive,Plutonium
Radioactive,Medical isotope
Radioactive,Cobalt-60
Radioactive,Thorium
Radioactive,Americium
Radioactive,Radium
Radioactive,Radiographic source
Radioactive,Nuclear waste
Radioactive,Used radiation detector
Radioactive,Uranium
Radioactive,Plutonium
Radioactive,Medical isotope
Radioactive,Cobalt-60
Radioactive,Thorium
Radioactive,Americium
Radioactive,Radium
Radioactive,Radiographic source
Radioactive,Nuclear waste
Radioactive,Used radiation detector
Radioactive,Uranium
Radioactive,Plutonium
Radioactive,Medical isotope
Radioactive,Cobalt-60
Radioactive,Thorium
Radioactive,Americium
Radioactive,Radium
Radioactive,Radiographic source
Radioactive,Nuclear waste
Radioactive,Used radiation detector
Radioactive,Uranium
Radioactive,Plutonium
Radioactive,Medical isotope
Radioactive,Cobalt-60
Radioactive,Thorium
Radioactive,Americium
Radioactive,Radium
Radioactive,Radiographic source
Radioactive,Nuclear waste
Radioactive,Used radiation detector
Radioactive,Uranium
Radioactive,Plutonium
Radioactive,Medical isotope
Radioactive,Cobalt-60
Radioactive,Thorium
Radioactive,Americium
Radioactive,Radium
Radioactive,Radiographic source
Radioactive,Nuclear waste
Radioactive,Used radiation detector
Radioactive,Uranium
Radioactive,Plutonium
Radioactive,Medical isotope
Radioactive,Cobalt-60
Radioactive,Thorium
Radioactive,Americium
Radioactive,Radium
Radioactive,Radiographic source
Radioactive,Nuclear waste
Radioactive,Used radiation detector
Radioactive,Uranium
Radioactive,Plutonium
Radioactive,Medical isotope
Radioactive,Cobalt-60
Radioactive,Thorium
Radioactive,Americium
Radioactive,Radium
Radioactive,Radiographic source
Radioactive,Nuclear waste
Radioactive,Used radiation detector
Radioactive,Uranium
Radioactive,Plutonium
Radioactive,Medical isotope
Radioactive,Cobalt-60
Radioactive,Thorium
Radioactive,Americium
Radioactive,Radium
Radioactive,Radiographic source
Radioactive,Nuclear waste
Radioactive,Used radiation detector
Radioactive,Uranium
Radioactive,Plutonium
Radioactive,Medical isotope
Radioactive,Cobalt-60
Radioactive,Thorium
Radioactive,Americium
Radioactive,Radium
Radioactive,Radiographic source
Radioactive,Nuclear waste
Radioactive,Used radiation detector
Radioactive,Uranium
Radioactive,Plutonium
Radioactive,Medical isotope
Radioactive,Cobalt-60
Radioactive,Thorium
Radioactive,Americium
Radioactive,Radium
Radioactive,Radiographic source
Radioactive,Nuclear waste
Radioactive,Used radiation detector
Radioactive,Uranium
Radioactive,Plutonium
Radioactive,Medical isotope
Radioactive,Cobalt-60
Radioactive,Thorium
Radioactive,Americium
Radioactive,Radium
Radioactive,Radiographic source
Radioactive,Nuclear waste
Radioactive,Used radiation detector
Radioactive,Uranium
Radioactive,Plutonium
Radioactive,Medical isotope
Radioactive,Cobalt-60
Radioactive,Thorium
Radioactive,Americium
Radioactive,Radium
Radioactive,Radiographic source
Radioactive,Nuclear waste
Radioactive,Used radiation detector
Radioactive,Uranium
Radioactive,Plutonium
Radioactive,Medical isotope
Radioactive,Cobalt-60
Radioactive,Thorium
Radioactive,Americium
Radioactive,Radium
Radioactive,Radiographic source
Radioactive,Nuclear waste
Radioactive,Used radiation detector
Radioactive,Uranium
Radioactive,Plutonium
Radioactive,Medical isotope
Radioactive,Cobalt-60
Radioactive,Thorium
Radioactive,Americium
Radioactive,Radium
Radioactive,Radiographic source
Radioactive,Nuclear waste
Radioactive,Used radiation detector
Radioactive,Uranium
Radioactive,Plutonium
Radioactive,Medical isotope
Radioactive,Cobalt-60
Radioactive,Thorium
Radioactive,Americium
Radioactive,Radium
Radioactive,Radiographic source
Radioactive,Nuclear waste
Radioactive,Used radiation detector
Radioactive,Uranium
Radioactive,Plutonium
Radioactive,Medical isotope
Radioactive,Cobalt-60
Radioactive,Thorium
Radioactive,Americium
Radioactive,Radium
Radioactive,Radiographic source
Radioactive,Nuclear waste
Radioactive,Used radiation detector
Radioactive,Uranium
Radioactive,Plutonium
Radioactive,Medical isotope
Radioactive,Cobalt-60
Radioactive,Thorium
Radioactive,Americium
Radioactive,Radium
Radioactive,Radiographic source
Radioactive,Nuclear waste
Radioactive,Used radiation detector
Radioactive,Uranium
Radioactive,Plutonium
Radioactive,Medical isotope
Radioactive,Cobalt-60
Radioactive,Thorium
Radioactive,Americium
Radioactive,Radium
Radioactive,Radiographic source
Radioactive,Nuclear waste
Radioactive,Used radiation detector
Radioactive,Uranium
Radioactive,Plutonium
Radioactive,Medical isotope
Radioactive,Cobalt-60
Radioactive,Thorium
Radioactive,Americium
Radioactive,Radium
Radioactive,Radiographic source
Radioactive,Nuclear waste
Radioactive,Used radiation detector
Radioactive,Uranium
Radioactive,Plutonium
Radioactive,Medical isotope
Radioactive,Cobalt-60
Radioactive,Thorium
Radioactive,Americium
Radioactive,Radium
Radioactive,Radiographic source
Radioactive,Nuclear waste
Radioactive,Used radiation detector
Radioactive,Uranium
Radioactive,Plutonium
Radioactive,Medical isotope
Radioactive,Cobalt-60
Radioactive,Thorium
Radioactive,Americium
Radioactive,Radium
Radioactive,Radiographic source
Radioactive,Nuclear waste
Radioactive,Used radiation detector
Radioactive,Uranium
Radioactive,Plutonium
Radioactive,Medical isotope
Radioactive,Cobalt-60
Radioactive,Thorium
Radioactive,Americium
Radioactive,Radium
Radioactive,Radiographic source
Radioactive,Nuclear waste
Radioactive,Used radiation detector
Radioactive,Uranium
Radioactive,Plutonium
Radioactive,Medical isotope
Radioactive,Cobalt-60
Radioactive,Thorium
Radioactive,Americium
Radioactive,Radium
Radioactive,Radiographic source
Radioactive,Nuclear waste
Radioactive,Used radiation detector
Radioactive,Uranium
Radioactive,Plutonium
Radioactive,Medical isotope
Radioactive,Cobalt-60
Radioactive,Thorium
Radioactive,Americium
Radioactive,Radium
Radioactive,Radiographic source
Radioactive,Nuclear waste
Radioactive,Used radiation detector
Radioactive,Uranium
Radioactive,Plutonium
Radioactive,Medical isotope
Radioactive,Cobalt-60
Radioactive,Thorium
Radioactive,Americium
Radioactive,Radium
Radioactive,Radiographic source
Radioactive,Nuclear waste
Radioactive,Used radiation detector
Radioactive,Uranium
Radioactive,Plutonium
Radioactive,Medical isotope
Radioactive,Cobalt-60
Radioactive,Thorium
Radioactive,Americium
Radioactive,Radium
Radioactive,Radiographic source
Radioactive,Nuclear waste
Radioactive,Used radiation detector
Radioactive,Uranium
Radioactive,Plutonium
Radioactive,Medical isotope
Radioactive,Cobalt-60
Radioactive,Thorium
Radioactive,Americium
Radioactive,Radium
Radioactive,Radiographic source
Radioactive,Nuclear waste
Radioactive,Used radiation detector
Radioactive,Uranium
Radioactive,Plutonium
Radioactive,Medical isotope
Radioactive,Cobalt-60
Radioactive,Thorium
Radioactive,Americium
Radioactive,Radium
Radioactive,Radiographic source
Radioactive,Nuclear waste
Radioactive,Used radiation detector
Radioactive,Uranium
Radioactive,Plutonium
Radioactive,Medical isotope
Radioactive,Cobalt-60
Radioactive,Thorium
Radioactive,Americium
Radioactive,Radium
Radioactive,Radiographic source
Radioactive,Nuclear waste
Radioactive,Used radiation detector
Radioactive,Uranium
Radioactive,Plutonium
Radioactive,Medical isotope
Radioactive,Cobalt-60
Radioactive,Thorium
Radioactive,Americium
Radioactive,Radium
Radioactive,Radiographic source
Radioactive,Nuclear waste
Radioactive,Used radiation detector
Radioactive,Uranium
Radioactive,Plutonium
Radioactive,Medical isotope
Radioactive,Cobalt-60
Radioactive,Thorium
Radioactive,Americium
Radioactive,Radium
Radioactive,Radiographic source
Radioactive,Nuclear waste
Corrosive,Sulfuric acid
Corrosive,Caustic soda
Corrosive,Hydrochloric acid
Corrosive,Nitric acid
Corrosive,Concentrated ammonia
Corrosive,Concentrated hydrogen peroxide
Corrosive,Phosphoric acid
Corrosive,Concentrated acetic acid
Corrosive,Molten sulfur
Corrosive,Potassium hydroxide solution
Corrosive,Sulfuric acid
Corrosive,Caustic soda
Corrosive,Hydrochloric acid
Corrosive,Nitric acid
Corrosive,Concentrated ammonia
Corrosive,Concentrated hydrogen peroxide
Corrosive,Phosphoric acid
Corrosive,Concentrated acetic acid
Corrosive,Molten sulfur
Corrosive,Potassium hydroxide solution
Corrosive,Sulfuric acid
Corrosive,Caustic soda
Corrosive,Hydrochloric acid
Corrosive,Nitric acid
Corrosive,Concentrated ammonia
Corrosive,Concentrated hydrogen peroxide
Corrosive,Phosphoric acid
Corrosive,Concentrated acetic acid
Corrosive,Molten sulfur
Corrosive,Potassium hydroxide solution
Corrosive,Sulfuric acid
Corrosive,Caustic soda
Corrosive,Hydrochloric acid
Corrosive,Nitric acid
Corrosive,Concentrated ammonia
Corrosive,Concentrated hydrogen peroxide
Corrosive,Phosphoric acid
Corrosive,Concentrated acetic acid
Corrosive,Molten sulfur
Corrosive,Potassium hydroxide solution
Corrosive,Sulfuric acid
Corrosive,Caustic soda
Corrosive,Hydrochloric acid
Corrosive,Nitric acid
Corrosive,Concentrated ammonia
Corrosive,Concentrated hydrogen peroxide
Corrosive,Phosphoric acid
Corrosive,Concentrated acetic acid
Corrosive,Molten sulfur
Corrosive,Potassium hydroxide solution
Corrosive,Sulfuric acid
Corrosive,Caustic soda
Corrosive,Hydrochloric acid
Corrosive,Nitric acid
Corrosive,Concentrated ammonia
Corrosive,Concentrated hydrogen peroxide
Corrosive,Phosphoric acid
Corrosive,Concentrated acetic acid
Corrosive,Molten sulfur
Corrosive,Potassium hydroxide solution
Corrosive,Sulfuric acid
Corrosive,Caustic soda
Corrosive,Hydrochloric acid
Corrosive,Nitric acid
Corrosive,Concentrated ammonia
Corrosive,Concentrated hydrogen peroxide
Corrosive,Phosphoric acid
Corrosive,Concentrated acetic acid
Corrosive,Molten sulfur
Corrosive,Potassium hydroxide solution
Corrosive,Sulfuric acid
Corrosive,Caustic soda
Corrosive,Hydrochloric acid
Corrosive,Nitric acid
Corrosive,Concentrated ammonia
Corrosive,Concentrated hydrogen peroxide
Corrosive,Phosphoric acid
Corrosive,Concentrated acetic acid
Corrosive,Molten sulfur
Corrosive,Potassium hydroxide solution
Corrosive,Sulfuric acid
Corrosive,Caustic soda
Corrosive,Hydrochloric acid
Corrosive,Nitric acid
Corrosive,Concentrated ammonia
Corrosive,Concentrated hydrogen peroxide
Corrosive,Phosphoric acid
Corrosive,Concentrated acetic acid
Corrosive,Molten sulfur
Corrosive,Potassium hydroxide solution
Corrosive,Sulfuric acid
Corrosive,Caustic soda
Corrosive,Hydrochloric acid
Corrosive,Nitric acid
Corrosive,Concentrated ammonia
Corrosive,Concentrated hydrogen peroxide
Corrosive,Phosphoric acid
Corrosive,Concentrated acetic acid
Corrosive,Molten sulfur
Corrosive,Potassium hydroxide solution
Corrosive,Sulfuric acid
Corrosive,Caustic soda
Corrosive,Hydrochloric acid
Corrosive,Nitric acid
Corrosive,Concentrated ammonia
Corrosive,Concentrated hydrogen peroxide
Corrosive,Phosphoric acid
Corrosive,Concentrated acetic acid
Corrosive,Molten sulfur
Corrosive,Potassium hydroxide solution
Corrosive,Sulfuric acid
Corrosive,Caustic soda
Corrosive,Hydrochloric acid
Corrosive,Nitric acid
Corrosive,Concentrated ammonia
Corrosive,Concentrated hydrogen peroxide
Corrosive,Phosphoric acid
Corrosive,Concentrated acetic acid
Corrosive,Molten sulfur
Corrosive,Potassium hydroxide solution
Corrosive,Sulfuric acid
Corrosive,Caustic soda
Corrosive,Hydrochloric acid
Corrosive,Nitric acid
Corrosive,Concentrated ammonia
Corrosive,Concentrated hydrogen peroxide
Corrosive,Phosphoric acid
Corrosive,Concentrated acetic acid
Corrosive,Molten sulfur
Corrosive,Potassium hydroxide solution
Corrosive,Sulfuric acid
Corrosive,Caustic soda
Corrosive,Hydrochloric acid
Corrosive,Nitric acid
Corrosive,Concentrated ammonia
Corrosive,Concentrated hydrogen peroxide
Corrosive,Phosphoric acid
Corrosive,Concentrated acetic acid
Corrosive,Molten sulfur
Corrosive,Potassium hydroxide solution
Corrosive,Sulfuric acid
Corrosive,Caustic soda
Corrosive,Hydrochloric acid
Corrosive,Nitric acid
Corrosive,Concentrated ammonia
Corrosive,Concentrated hydrogen peroxide
Corrosive,Phosphoric acid
Corrosive,Concentrated acetic acid
Corrosive,Molten sulfur
Corrosive,Potassium hydroxide solution
Corrosive,Sulfuric acid
Corrosive,Caustic soda
Corrosive,Hydrochloric acid
Corrosive,Nitric acid
Corrosive,Concentrated ammonia
Corrosive,Concentrated hydrogen peroxide
Corrosive,Phosphoric acid
Corrosive,Concentrated acetic acid
Corrosive,Molten sulfur
Corrosive,Potassium hydroxide solution
Corrosive,Sulfuric acid
Corrosive,Caustic soda
Corrosive,Hydrochloric acid
Corrosive,Nitric acid
Corrosive,Concentrated ammonia
Corrosive,Concentrated hydrogen peroxide
Corrosive,Phosphoric acid
Corrosive,Concentrated acetic acid
Corrosive,Molten sulfur
Corrosive,Potassium hydroxide solution
Corrosive,Sulfuric acid
Corrosive,Caustic soda
Corrosive,Hydrochloric acid
Corrosive,Nitric acid
Corrosive,Concentrated ammonia
Corrosive,Concentrated hydrogen peroxide
Corrosive,Phosphoric acid
Corrosive,Concentrated acetic acid
Corrosive,Molten sulfur
Corrosive,Potassium hydroxide solution
Corrosive,Sulfuric acid
Corrosive,Caustic soda
Corrosive,Hydrochloric acid
Corrosive,Nitric acid
Corrosive,Concentrated ammonia
Corrosive,Concentrated hydrogen peroxide
Corrosive,Phosphoric acid
Corrosive,Concentrated acetic acid
Corrosive,Molten sulfur
Corrosive,Potassium hydroxide solution
Corrosive,Sulfuric acid
Corrosive,Caustic soda
Corrosive,Hydrochloric acid
Corrosive,Nitric acid
Corrosive,Concentrated ammonia
Corrosive,Concentrated hydrogen peroxide
Corrosive,Phosphoric acid
Corrosive,Concentrated acetic acid
Corrosive,Molten sulfur
Corrosive,Potassium hydroxide solution
Corrosive,Sulfuric acid
Corrosive,Caustic soda
Corrosive,Hydrochloric acid
Corrosive,Nitric acid
Corrosive,Concentrated ammonia
Corrosive,Concentrated hydrogen peroxide
Corrosive,Phosphoric acid
Corrosive,Concentrated acetic acid
Corrosive,Molten sulfur
Corrosive,Potassium hydroxide solution
Corrosive,Sulfuric acid
Corrosive,Caustic soda
Corrosive,Hydrochloric acid
Corrosive,Nitric acid
Corrosive,Concentrated ammonia
Corrosive,Concentrated hydrogen peroxide
Corrosive,Phosphoric acid
Corrosive,Concentrated acetic acid
Corrosive,Molten sulfur
Corrosive,Potassium hydroxide solution
Corrosive,Sulfuric acid
Corrosive,Caustic soda
Corrosive,Hydrochloric acid
Corrosive,Nitric acid
Corrosive,Concentrated ammonia
Corrosive,Concentrated hydrogen peroxide
Corrosive,Phosphoric acid
Corrosive,Concentrated acetic acid
Corrosive,Molten sulfur
Corrosive,Potassium hydroxide solution
Corrosive,Sulfuric acid
Corrosive,Caustic soda
Corrosive,Hydrochloric acid
Corrosive,Nitric acid
Corrosive,Concentrated ammonia
Corrosive,Concentrated hydrogen peroxide
Corrosive,Phosphoric acid
Corrosive,Concentrated acetic acid
Corrosive,Molten sulfur
Corrosive,Potassium hydroxide solution
Corrosive,Sulfuric acid
Corrosive,Caustic soda
Corrosive,Hydrochloric acid
Corrosive,Nitric acid
Corrosive,Concentrated ammonia
Corrosive,Concentrated hydrogen peroxide
Corrosive,Phosphoric acid
Corrosive,Concentrated acetic acid
Corrosive,Molten sulfur
Corrosive,Potassium hydroxide solution
Corrosive,Sulfuric acid
Corrosive,Caustic soda
Corrosive,Hydrochloric acid
Corrosive,Nitric acid
Corrosive,Concentrated ammonia
Corrosive,Concentrated hydrogen peroxide
Corrosive,Phosphoric acid
Corrosive,Concentrated acetic acid
Corrosive,Molten sulfur
Corrosive,Potassium hydroxide solution
Corrosive,Sulfuric acid
Corrosive,Caustic soda
Corrosive,Hydrochloric acid
Corrosive,Nitric acid
Corrosive,Concentrated ammonia
Corrosive,Concentrated hydrogen peroxide
Corrosive,Phosphoric acid
Corrosive,Concentrated acetic acid
Corrosive,Molten sulfur
Corrosive,Potassium hydroxide solution
Corrosive,Sulfuric acid
Corrosive,Caustic soda
Corrosive,Hydrochloric acid
Corrosive,Nitric acid
Corrosive,Concentrated ammonia
Corrosive,Concentrated hydrogen peroxide
Corrosive,Phosphoric acid
Corrosive,Concentrated acetic acid
Corrosive,Molten sulfur
Corrosive,Potassium hydroxide solution
Corrosive,Sulfuric acid
Corrosive,Caustic soda
Corrosive,Hydrochloric acid
Corrosive,Nitric acid
Corrosive,Concentrated ammonia
Corrosive,Concentrated hydrogen peroxide
Corrosive,Phosphoric acid
Corrosive,Concentrated acetic acid
Corrosive,Molten sulfur
Corrosive,Potassium hydroxide solution
Corrosive,Sulfuric acid
Corrosive,Caustic soda
Corrosive,Hydrochloric acid
Corrosive,Nitric acid
Corrosive,Concentrated ammonia
Corrosive,Concentrated hydrogen peroxide
Corrosive,Phosphoric acid
Corrosive,Concentrated acetic acid
Corrosive,Molten sulfur
Corrosive,Potassium hydroxide solution
Oxidizing,Potassium chlorate
Oxidizing,Sodium peroxide
Oxidizing,Ammonium nitrate
Oxidizing,Liquid oxygen
Oxidizing,Potassium permanganate
Oxidizing,Hydrogen peroxide
Oxidizing,Chlorine
Oxidizing,Nitrogen oxides
Oxidizing,Sodium chlorite
Oxidizing,Organic peroxide
Oxidizing,Potassium chlorate
Oxidizing,Sodium peroxide
Oxidizing,Ammonium nitrate
Oxidizing,Liquid oxygen
Oxidizing,Potassium permanganate
Oxidizing,Hydrogen peroxide
Oxidizing,Chlorine
Oxidizing,Nitrogen oxides
Oxidizing,Sodium chlorite
Oxidizing,Organic peroxide
Oxidizing,Potassium chlorate
Oxidizing,Sodium peroxide
Oxidizing,Ammonium nitrate
Oxidizing,Liquid oxygen
Oxidizing,Potassium permanganate
Oxidizing,Hydrogen peroxide
Oxidizing,Chlorine
Oxidizing,Nitrogen oxides
Oxidizing,Sodium chlorite
Oxidizing,Organic peroxide
Oxidizing,Potassium chlorate
Oxidizing,Sodium peroxide
Oxidizing,Ammonium nitrate
Oxidizing,Liquid oxygen
Oxidizing,Potassium permanganate
Oxidizing,Hydrogen peroxide
Oxidizing,Chlorine
Oxidizing,Nitrogen oxides
Oxidizing,Sodium chlorite
Oxidizing,Organic peroxide
Oxidizing,Potassium chlorate
Oxidizing,Sodium peroxide
Oxidizing,Ammonium nitrate
Oxidizing,Liquid oxygen
Oxidizing,Potassium permanganate
Oxidizing,Hydrogen peroxide
Oxidizing,Chlorine
Oxidizing,Nitrogen oxides
Oxidizing,Sodium chlorite
Oxidizing,Organic peroxide
Oxidizing,Potassium chlorate
Oxidizing,Sodium peroxide
Oxidizing,Ammonium nitrate
Oxidizing,Liquid oxygen
Oxidizing,Potassium permanganate
Oxidizing,Hydrogen peroxide
Oxidizing,Chlorine
Oxidizing,Nitrogen oxides
Oxidizing,Sodium chlorite
Oxidizing,Organic peroxide
Oxidizing,Potassium chlorate
Oxidizing,Sodium peroxide
Oxidizing,Ammonium nitrate
Oxidizing,Liquid oxygen
Oxidizing,Potassium permanganate
Oxidizing,Hydrogen peroxide
Oxidizing,Chlorine
Oxidizing,Nitrogen oxides
Oxidizing,Sodium chlorite
Oxidizing,Organic peroxide
Oxidizing,Potassium chlorate
Oxidizing,Sodium peroxide
Oxidizing,Ammonium nitrate
Oxidizing,Liquid oxygen
Oxidizing,Potassium permanganate
Oxidizing,Hydrogen peroxide
Oxidizing,Chlorine
Oxidizing,Nitrogen oxides
Oxidizing,Sodium chlorite
Oxidizing,Organic peroxide
Oxidizing,Potassium chlorate
Oxidizing,Sodium peroxide
Oxidizing,Ammonium nitrate
Oxidizing,Liquid oxygen
Oxidizing,Potassium permanganate
Oxidizing,Hydrogen peroxide
Oxidizing,Chlorine
Oxidizing,Nitrogen oxides
Oxidizing,Sodium chlorite
Oxidizing,Organic peroxide
Oxidizing,Potassium chlorate
Oxidizing,Sodium peroxide
Oxidizing,Ammonium nitrate
Oxidizing,Liquid oxygen
Oxidizing,Potassium permanganate
Oxidizing,Hydrogen peroxide
Oxidizing,Chlorine
Oxidizing,Nitrogen oxides
Oxidizing,Sodium chlorite
Oxidizing,Organic peroxide
Oxidizing,Potassium chlorate
Oxidizing,Sodium peroxide
Oxidizing,Ammonium nitrate
Oxidizing,Liquid oxygen
Oxidizing,Potassium permanganate
Oxidizing,Hydrogen peroxide
Oxidizing,Chlorine
Oxidizing,Nitrogen oxides
Oxidizing,Sodium chlorite
Oxidizing,Organic peroxide
Oxidizing,Potassium chlorate
Oxidizing,Sodium peroxide
Oxidizing,Ammonium nitrate
Oxidizing,Liquid oxygen
Oxidizing,Potassium permanganate
Oxidizing,Hydrogen peroxide
Oxidizing,Chlorine
Oxidizing,Nitrogen oxides
Oxidizing,Sodium chlorite
Oxidizing,Organic peroxide
Oxidizing,Potassium chlorate
Oxidizing,Sodium peroxide
Oxidizing,Ammonium nitrate
Oxidizing,Liquid oxygen
Oxidizing,Potassium permanganate
Oxidizing,Hydrogen peroxide
Oxidizing,Chlorine
Oxidizing,Nitrogen oxides
Oxidizing,Sodium chlorite
Oxidizing,Organic peroxide
Oxidizing,Potassium chlorate
Oxidizing,Sodium peroxide
Oxidizing,Ammonium nitrate
Oxidizing,Liquid oxygen
Oxidizing,Potassium permanganate
Oxidizing,Hydrogen peroxide
Oxidizing,Chlorine
Oxidizing,Nitrogen oxides
Oxidizing,Sodium chlorite
Oxidizing,Organic peroxide
Oxidizing,Potassium chlorate
Oxidizing,Sodium peroxide
Oxidizing,Ammonium nitrate
Oxidizing,Liquid oxygen
Oxidizing,Potassium permanganate
Oxidizing,Hydrogen peroxide
Oxidizing,Chlorine
Oxidizing,Nitrogen oxides
Oxidizing,Sodium chlorite
Oxidizing,Organic peroxide
Oxidizing,Potassium chlorate
Oxidizing,Sodium peroxide
Oxidizing,Ammonium nitrate
Oxidizing,Liquid oxygen
Oxidizing,Potassium permanganate
Oxidizing,Hydrogen peroxide
Oxidizing,Chlorine
Oxidizing,Nitrogen oxides
Oxidizing,Sodium chlorite
Oxidizing,Organic peroxide
Oxidizing,Potassium chlorate
Oxidizing,Sodium peroxide
Oxidizing,Ammonium nitrate
Oxidizing,Liquid oxygen
Oxidizing,Potassium permanganate
Oxidizing,Hydrogen peroxide
Oxidizing,Chlorine
Oxidizing,Nitrogen oxides
Oxidizing,Sodium chlorite
Oxidizing,Organic peroxide
Oxidizing,Potassium chlorate
Oxidizing,Sodium peroxide
Oxidizing,Ammonium nitrate
Oxidizing,Liquid oxygen
Oxidizing,Potassium permanganate
Oxidizing,Hydrogen peroxide
Oxidizing,Chlorine
Oxidizing,Nitrogen oxides
Oxidizing,Sodium chlorite
Oxidizing,Organic peroxide
Oxidizing,Potassium chlorate
Oxidizing,Sodium peroxide
Oxidizing,Ammonium nitrate
Oxidizing,Liquid oxygen
Oxidizing,Potassium permanganate
Oxidizing,Hydrogen peroxide
Oxidizing,Chlorine
Oxidizing,Nitrogen oxides
Oxidizing,Sodium chlorite
Oxidizing,Organic peroxide
Oxidizing,Potassium chlorate
Oxidizing,Sodium peroxide
Oxidizing,Ammonium nitrate
Oxidizing,Liquid oxygen
Oxidizing,Potassium permanganate
Oxidizing,Hydrogen peroxide
Oxidizing,Chlorine
Oxidizing,Nitrogen oxides
Oxidizing,Sodium chlorite
Oxidizing,Organic peroxide
Oxidizing,Potassium chlorate
Oxidizing,Sodium peroxide
Oxidizing,Ammonium nitrate
Oxidizing,Liquid oxygen
Oxidizing,Potassium permanganate
Oxidizing,Hydrogen peroxide
Oxidizing,Chlorine
Oxidizing,Nitrogen oxides
Oxidizing,Sodium chlorite
Oxidizing,Organic peroxide
Oxidizing,Potassium chlorate
Oxidizing,Sodium peroxide
Oxidizing,Ammonium nitrate
Oxidizing,Liquid oxygen
Oxidizing,Potassium permanganate
Oxidizing,Hydrogen peroxide
Oxidizing,Chlorine
Oxidizing,Nitrogen oxides
Oxidizing,Sodium chlorite
Oxidizing,Organic peroxide
Oxidizing,Potassium chlorate
Oxidizing,Sodium peroxide
Oxidizing,Ammonium nitrate
Oxidizing,Liquid oxygen
Oxidizing,Potassium permanganate
Oxidizing,Hydrogen peroxide
Oxidizing,Chlorine
Oxidizing,Nitrogen oxides
Oxidizing,Sodium chlorite
Oxidizing,Organic peroxide
Oxidizing,Potassium chlorate
Oxidizing,Sodium peroxide
Oxidizing,Ammonium nitrate
Oxidizing,Liquid oxygen
Oxidizing,Potassium permanganate
Oxidizing,Hydrogen peroxide
Oxidizing,Chlorine
Oxidizing,Nitrogen oxides
Oxidizing,Sodium chlorite
Oxidizing,Organic peroxide
Oxidizing,Potassium chlorate
Oxidizing,Sodium peroxide
Oxidizing,Ammonium nitrate
Oxidizing,Liquid oxygen
Oxidizing,Potassium permanganate
Oxidizing,Hydrogen peroxide
Oxidizing,Chlorine
Oxidizing,Nitrogen oxides
Oxidizing,Sodium chlorite
Oxidizing,Organic peroxide
Oxidizing,Potassium chlorate
Oxidizing,Sodium peroxide
Oxidizing,Ammonium nitrate
Oxidizing,Liquid oxygen
Oxidizing,Potassium permanganate
Oxidizing,Hydrogen peroxide
Oxidizing,Chlorine
Oxidizing,Nitrogen oxides
Oxidizing,Sodium chlorite
Oxidizing,Organic peroxide
Oxidizing,Potassium chlorate
Oxidizing,Sodium peroxide
Oxidizing,Ammonium nitrate
Oxidizing,Liquid oxygen
Oxidizing,Potassium permanganate
Oxidizing,Hydrogen peroxide
Oxidizing,Chlorine
Oxidizing,Nitrogen oxides
Oxidizing,Sodium chlorite
Oxidizing,Organic peroxide
Oxidizing,Potassium chlorate
Oxidizing,Sodium peroxide
Oxidizing,Ammonium nitrate
Oxidizing,Liquid oxygen
Oxidizing,Potassium permanganate
Oxidizing,Hydrogen peroxide
Oxidizing,Chlorine
Oxidizing,Nitrogen oxides
Oxidizing,Sodium chlorite
Oxidizing,Organic peroxide
Oxidizing,Potassium chlorate
Oxidizing,Sodium peroxide
Oxidizing,Ammonium nitrate
Oxidizing,Liquid oxygen
Oxidizing,Potassium permanganate
Oxidizing,Hydrogen peroxide
Oxidizing,Chlorine
Oxidizing,Nitrogen oxides
Oxidizing,Sodium chlorite
Oxidizing,Organic peroxide
Oxidizing,Potassium chlorate
Oxidizing,Sodium peroxide
Oxidizing,Ammonium nitrate
Oxidizing,Liquid oxygen
Oxidizing,Potassium permanganate
Oxidizing,Hydrogen peroxide
Oxidizing,Chlorine
Oxidizing,Nitrogen oxides
Oxidizing,Sodium chlorite
Oxidizing,Organic peroxide
Pressurized,Compressed gas cylinder
Pressurized,Fire extinguisher
Pressurized,Aerosol spray
Pressurized,CO2 cartridge
Pressurized,Compressed air cylinder
Pressurized,Oxygen bottle
Pressurized,Propellant gas
Pressurized,Paint cartridge
Pressurized,Propane cylinder
Pressurized,Bicycle CO2 cartridge
Pressurized,Compressed gas cylinder
Pressurized,Fire extinguisher
Pressurized,Aerosol spray
Pressurized,CO2 cartridge
Pressurized,Compressed air cylinder
Pressurized,Oxygen bottle
Pressurized,Propellant gas
Pressurized,Paint cartridge
Pressurized,Propane cylinder
Pressurized,Bicycle CO2 cartridge
Pressurized,Compressed gas cylinder
Pressurized,Fire extinguisher
Pressurized,Aerosol spray
Pressurized,CO2 cartridge
Pressurized,Compressed air cylinder
Pressurized,Oxygen bottle
Pressurized,Propellant gas
Pressurized,Paint cartridge
Pressurized,Propane cylinder
Pressurized,Bicycle CO2 cartridge
Pressurized,Compressed gas cylinder
Pressurized,Fire extinguisher
Pressurized,Aerosol spray
Pressurized,CO2 cartridge
Pressurized,Compressed air cylinder
Pressurized,Oxygen bottle
Pressurized,Propellant gas
Pressurized,Paint cartridge
Pressurized,Propane cylinder
Pressurized,Bicycle CO2 cartridge
Pressurized,Compressed gas cylinder
Pressurized,Fire extinguisher
Pressurized,Aerosol spray
Pressurized,CO2 cartridge
Pressurized,Compressed air cylinder
Pressurized,Oxygen bottle
Pressurized,Propellant gas
Pressurized,Paint cartridge
Pressurized,Propane cylinder
Pressurized,Bicycle CO2 cartridge
Pressurized,Compressed gas cylinder
Pressurized,Fire extinguisher
Pressurized,Aerosol spray
Pressurized,CO2 cartridge
Pressurized,Compressed air cylinder
Pressurized,Oxygen bottle
Pressurized,Propellant gas
Pressurized,Paint cartridge
Pressurized,Propane cylinder
Pressurized,Bicycle CO2 cartridge
Pressurized,Compressed gas cylinder
Pressurized,Fire extinguisher
Pressurized,Aerosol spray
Pressurized,CO2 cartridge
Pressurized,Compressed air cylinder
Pressurized,Oxygen bottle
Pressurized,Propellant gas
Pressurized,Paint cartridge
Pressurized,Propane cylinder
Pressurized,Bicycle CO2 cartridge
Pressurized,Compressed gas cylinder
Pressurized,Fire extinguisher
Pressurized,Aerosol spray
Pressurized,CO2 cartridge
Pressurized,Compressed air cylinder
Pressurized,Oxygen bottle
Pressurized,Propellant gas
Pressurized,Paint cartridge
Pressurized,Propane cylinder
Pressurized,Bicycle CO2 cartridge
Pressurized,Compressed gas cylinder
Pressurized,Fire extinguisher
Pressurized,Aerosol spray
Pressurized,CO2 cartridge
Pressurized,Compressed air cylinder
Pressurized,Oxygen bottle
Pressurized,Propellant gas
Pressurized,Paint cartridge
Pressurized,Propane cylinder
Pressurized,Bicycle CO2 cartridge
Pressurized,Compressed gas cylinder
Pressurized,Fire extinguisher
Pressurized,Aerosol spray
Pressurized,CO2 cartridge
Pressurized,Compressed air cylinder
Pressurized,Oxygen bottle
Pressurized,Propellant gas
Pressurized,Paint cartridge
Pressurized,Propane cylinder
Pressurized,Bicycle CO2 cartridge
Pressurized,Compressed gas cylinder
Pressurized,Fire extinguisher
Pressurized,Aerosol spray
Pressurized,CO2 cartridge
Pressurized,Compressed air cylinder
Pressurized,Oxygen bottle
Pressurized,Propellant gas
Pressurized,Paint cartridge
Pressurized,Propane cylinder
Pressurized,Bicycle CO2 cartridge
Pressurized,Compressed gas cylinder
Pressurized,Fire extinguisher
Pressurized,Aerosol spray
Pressurized,CO2 cartridge
Pressurized,Compressed air cylinder
Pressurized,Oxygen bottle
Pressurized,Propellant gas
Pressurized,Paint cartridge
Pressurized,Propane cylinder
Pressurized,Bicycle CO2 cartridge
Pressurized,Compressed gas cylinder
Pressurized,Fire extinguisher
Pressurized,Aerosol spray
Pressurized,CO2 cartridge
Pressurized,Compressed air cylinder
Pressurized,Oxygen bottle
Pressurized,Propellant gas
Pressurized,Paint cartridge
Pressurized,Propane cylinder
Pressurized,Bicycle CO2 cartridge
Pressurized,Compressed gas cylinder
Pressurized,Fire extinguisher
Pressurized,Aerosol spray
Pressurized,CO2 cartridge
Pressurized,Compressed air cylinder
Pressurized,Oxygen bottle
Pressurized,Propellant gas
Pressurized,Paint cartridge
Pressurized,Propane cylinder
Pressurized,Bicycle CO2 cartridge
Pressurized,Compressed gas cylinder
Pressurized,Fire extinguisher
Pressurized,Aerosol spray
Pressurized,CO2 cartridge
Pressurized,Compressed air cylinder
Pressurized,Oxygen bottle
Pressurized,Propellant gas
Pressurized,Paint cartridge
Pressurized,Propane cylinder
Pressurized,Bicycle CO2 cartridge
Pressurized,Compressed gas cylinder
Pressurized,Fire extinguisher
Pressurized,Aerosol spray
Pressurized,CO2 cartridge
Pressurized,Compressed air cylinder
Pressurized,Oxygen bottle
Pressurized,Propellant gas
Pressurized,Paint cartridge
Pressurized,Propane cylinder
Pressurized,Bicycle CO2 cartridge
Pressurized,Compressed gas cylinder
Pressurized,Fire extinguisher
Pressurized,Aerosol spray
Pressurized,CO2 cartridge
Pressurized,Compressed air cylinder
Pressurized,Oxygen bottle
Pressurized,Propellant gas
Pressurized,Paint cartridge
Pressurized,Propane cylinder
Pressurized,Bicycle CO2 cartridge
Pressurized,Compressed gas cylinder
Pressurized,Fire extinguisher
Pressurized,Aerosol spray
Pressurized,CO2 cartridge
Pressurized,Compressed air cylinder
Pressurized,Oxygen bottle
Pressurized,Propellant gas
Pressurized,Paint cartridge
Pressurized,Propane cylinder
Pressurized,Bicycle CO2 cartridge
Pressurized,Compressed gas cylinder
Pressurized,Fire extinguisher
Pressurized,Aerosol spray
Pressurized,CO2 cartridge
Pressurized,Compressed air cylinder
Pressurized,Oxygen bottle
Pressurized,Propellant gas
Pressurized,Paint cartridge
Pressurized,Propane cylinder
Pressurized,Bicycle CO2 cartridge
Pressurized,Compressed gas cylinder
Pressurized,Fire extinguisher
Pressurized,Aerosol spray
Pressurized,CO2 cartridge
Pressurized,Compressed air cylinder
Pressurized,Oxygen bottle
Pressurized,Propellant gas
Pressurized,Paint cartridge
Pressurized,Propane cylinder
Pressurized,Bicycle CO2 cartridge
Pressurized,Compressed gas cylinder
Pressurized,Fire extinguisher
Pressurized,Aerosol spray
Pressurized,CO2 cartridge
Pressurized,Compressed air cylinder
Pressurized,Oxygen bottle
Pressurized,Propellant gas
Pressurized,Paint cartridge
Pressurized,Propane cylinder
Pressurized,Bicycle CO2 cartridge
Pressurized,Compressed gas cylinder
Pressurized,Fire extinguisher
Pressurized,Aerosol spray
Pressurized,CO2 cartridge
Pressurized,Compressed air cylinder
Pressurized,Oxygen bottle
Pressurized,Propellant gas
Pressurized,Paint cartridge
Pressurized,Propane cylinder
Pressurized,Bicycle CO2 cartridge
Pressurized,Compressed gas cylinder
Pressurized,Fire extinguisher
Pressurized,Aerosol spray
Pressurized,CO2 cartridge
Pressurized,Compressed air cylinder
Pressurized,Oxygen bottle
Pressurized,Propellant gas
Pressurized,Paint cartridge
Pressurized,Propane cylinder
Pressurized,Bicycle CO2 cartridge
Pressurized,Compressed gas cylinder
Pressurized,Fire extinguisher
Pressurized,Aerosol spray
Pressurized,CO2 cartridge
Pressurized,Compressed air cylinder
Pressurized,Oxygen bottle
Pressurized,Propellant gas
Pressurized,Paint cartridge
Pressurized,Propane cylinder
Pressurized,Bicycle CO2 cartridge
Pressurized,Compressed gas cylinder
Pressurized,Fire extinguisher
Pressurized,Aerosol spray
Pressurized,CO2 cartridge
Pressurized,Compressed air cylinder
Pressurized,Oxygen bottle
Pressurized,Propellant gas
Pressurized,Paint cartridge
Pressurized,Propane cylinder
Pressurized,Bicycle CO2 cartridge
Pressurized,Compressed gas cylinder
Pressurized,Fire extinguisher
Pressurized,Aerosol spray
Pressurized,CO2 cartridge
Pressurized,Compressed air cylinder
Pressurized,Oxygen bottle
Pressurized,Propellant gas
Pressurized,Paint cartridge
Pressurized,Propane cylinder
Pressurized,Bicycle CO2 cartridge
Pressurized,Compressed gas cylinder
Pressurized,Fire extinguisher
Pressurized,Aerosol spray
Pressurized,CO2 cartridge
Pressurized,Compressed air cylinder
Pressurized,Oxygen bottle
Pressurized,Propellant gas
Pressurized,Paint cartridge
Pressurized,Propane cylinder
Pressurized,Bicycle CO2 cartridge
Pressurized,Compressed gas cylinder
Pressurized,Fire extinguisher
Pressurized,Aerosol spray
Pressurized,CO2 cartridge
Pressurized,Compressed air cylinder
Pressurized,Oxygen bottle
Pressurized,Propellant gas
Pressurized,Paint cartridge
Pressurized,Propane cylinder
Pressurized,Bicycle CO2 cartridge
Pressurized,Compressed gas cylinder
Pressurized,Fire extinguisher
Pressurized,Aerosol spray
Pressurized,CO2 cartridge
Pressurized,Compressed air cylinder
Pressurized,Oxygen bottle
Pressurized,Propellant gas
Pressurized,Paint cartridge
Pressurized,Propane cylinder
Pressurized,Bicycle CO2 cartridge
Pressurized,Compressed gas cylinder
Pressurized,Fire extinguisher
Pressurized,Aerosol spray
Pressurized,CO2 cartridge
Pressurized,Compressed air cylinder
Pressurized,Oxygen bottle
Pressurized,Propellant gas
Pressurized,Paint cartridge
Pressurized,Propane cylinder
Pressurized,Bicycle CO2 cartridge
Fragile,Wine glass
Fragile,Vase
Fragile,Light bulb
Fragile,Plate
Fragile,Mirror
Fragile,Porcelain
Fragile,Screen
Fragile,Glass bottle
Fragile,Decorative crystal item
Fragile,Photo frame
Fragile,Wine glass
Fragile,Vase
Fragile,Light bulb
Fragile,Plate
Fragile,Mirror
Fragile,Porcelain
Fragile,Screen
Fragile,Glass bottle
Fragile,Decorative crystal item
Fragile,Photo frame
Fragile,Wine glass
Fragile,Vase
Fragile,Light bulb
Fragile,Plate
Fragile,Mirror
Fragile,Porcelain
Fragile,Screen
Fragile,Glass bottle
Fragile,Decorative crystal item
Fragile,Photo frame
Fragile,Wine glass
Fragile,Vase
Fragile,Light bulb
Fragile,Plate
Fragile,Mirror
Fragile,Porcelain
Fragile,Screen
Fragile,Glass bottle
Fragile,Decorative crystal item
Fragile,Photo frame
Fragile,Wine glass
Fragile,Vase
Fragile,Light bulb
Fragile,Plate
Fragile,Mirror
Fragile,Porcelain
Fragile,Screen
Fragile,Glass bottle
Fragile,Decorative crystal item
Fragile,Photo frame
Fragile,Wine glass
Fragile,Vase
Fragile,Light bulb
Fragile,Plate
Fragile,Mirror
Fragile,Porcelain
Fragile,Screen
Fragile,Glass bottle
Fragile,Decorative crystal item
Fragile,Photo frame
Fragile,Wine glass
Fragile,Vase
Fragile,Light bulb
Fragile,Plate
Fragile,Mirror
Fragile,Porcelain
Fragile,Screen
Fragile,Glass bottle
Fragile,Decorative crystal item
Fragile,Photo frame
Fragile,Wine glass
Fragile,Vase
Fragile,Light bulb
Fragile,Plate
Fragile,Mirror
Fragile,Porcelain
Fragile,Screen
Fragile,Glass bottle
Fragile,Decorative crystal item
Fragile,Photo frame
Fragile,Wine glass
Fragile,Vase
Fragile,Light bulb
Fragile,Plate
Fragile,Mirror
Fragile,Porcelain
Fragile,Screen
Fragile,Glass bottle
Fragile,Decorative crystal item
Fragile,Photo frame
Fragile,Wine glass
Fragile,Vase
Fragile,Light bulb
Fragile,Plate
Fragile,Mirror
Fragile,Porcelain
Fragile,Screen
Fragile,Glass bottle
Fragile,Decorative crystal item
Fragile,Photo frame
Fragile,Wine glass
Fragile,Vase
Fragile,Light bulb
Fragile,Plate
Fragile,Mirror
Fragile,Porcelain
Fragile,Screen
Fragile,Glass bottle
Fragile,Decorative crystal item
Fragile,Photo frame
Fragile,Wine glass
Fragile,Vase
Fragile,Light bulb
Fragile,Plate
Fragile,Mirror
Fragile,Porcelain
Fragile,Screen
Fragile,Glass bottle
Fragile,Decorative crystal item
Fragile,Photo frame
Fragile,Wine glass
Fragile,Vase
Fragile,Light bulb
Fragile,Plate
Fragile,Mirror
Fragile,Porcelain
Fragile,Screen
Fragile,Glass bottle
Fragile,Decorative crystal item
Fragile,Photo frame
Fragile,Wine glass
Fragile,Vase
Fragile,Light bulb
Fragile,Plate
Fragile,Mirror
Fragile,Porcelain
Fragile,Screen
Fragile,Glass bottle
Fragile,Decorative crystal item
Fragile,Photo frame
Fragile,Wine glass
Fragile,Vase
Fragile,Light bulb
Fragile,Plate
Fragile,Mirror
Fragile,Porcelain
Fragile,Screen
Fragile,Glass bottle
Fragile,Decorative crystal item
Fragile,Photo frame
Fragile,Wine glass
Fragile,Vase
Fragile,Light bulb
Fragile,Plate
Fragile,Mirror
Fragile,Porcelain
Fragile,Screen
Fragile,Glass bottle
Fragile,Decorative crystal item
Fragile,Photo frame
Fragile,Wine glass
Fragile,Vase
Fragile,Light bulb
Fragile,Plate
Fragile,Mirror
Fragile,Porcelain
Fragile,Screen
Fragile,Glass bottle
Fragile,Decorative crystal item
Fragile,Photo frame
Fragile,Wine glass
Fragile,Vase
Fragile,Light bulb
Fragile,Plate
Fragile,Mirror
Fragile,Porcelain
Fragile,Screen
Fragile,Glass bottle
Fragile,Decorative crystal item
Fragile,Photo frame
Fragile,Wine glass
Fragile,Vase
Fragile,Light bulb
Fragile,Plate
Fragile,Mirror
Fragile,Porcelain
Fragile,Screen
Fragile,Glass bottle
Fragile,Decorative crystal item
Fragile,Photo frame
Fragile,Wine glass
Fragile,Vase
Fragile,Light bulb
Fragile,Plate
Fragile,Mirror
Fragile,Porcelain
Fragile,Screen
Fragile,Glass bottle
Fragile,Decorative crystal item
Fragile,Photo frame
Fragile,Wine glass
Fragile,Vase
Fragile,Light bulb
Fragile,Plate
Fragile,Mirror
Fragile,Porcelain
Fragile,Screen
Fragile,Glass bottle
Fragile,Decorative crystal item
Fragile,Photo frame
Fragile,Wine glass
Fragile,Vase
Fragile,Light bulb
Fragile,Plate
Fragile,Mirror
Fragile,Porcelain
Fragile,Screen
Fragile,Glass bottle
Fragile,Decorative crystal item
Fragile,Photo frame
Fragile,Wine glass
Fragile,Vase
Fragile,Light bulb
Fragile,Plate
Fragile,Mirror
Fragile,Porcelain
Fragile,Screen
Fragile,Glass bottle
Fragile,Decorative crystal item
Fragile,Photo frame
Fragile,Wine glass
Fragile,Vase
Fragile,Light bulb
Fragile,Plate
Fragile,Mirror
Fragile,Porcelain
Fragile,Screen
Fragile,Glass bottle
Fragile,Decorative crystal item
Fragile,Photo frame
Fragile,Wine glass
Fragile,Vase
Fragile,Light bulb
Fragile,Plate
Fragile,Mirror
Fragile,Porcelain
Fragile,Screen
Fragile,Glass bottle
Fragile,Decorative crystal item
Fragile,Photo frame
Fragile,Wine glass
Fragile,Vase
Fragile,Light bulb
Fragile,Plate
Fragile,Mirror
Fragile,Porcelain
Fragile,Screen
Fragile,Glass bottle
Fragile,Decorative crystal item
Fragile,Photo frame
Fragile,Wine glass
Fragile,Vase
Fragile,Light bulb
Fragile,Plate
Fragile,Mirror
Fragile,Porcelain
Fragile,Screen
Fragile,Glass bottle
Fragile,Decorative crystal item
Fragile,Photo frame
Fragile,Wine glass
Fragile,Vase
Fragile,Light bulb
Fragile,Plate
Fragile,Mirror
Fragile,Porcelain
Fragile,Screen
Fragile,Glass bottle
Fragile,Decorative crystal item
Fragile,Photo frame
Fragile,Wine glass
Fragile,Vase
Fragile,Light bulb
Fragile,Plate
Fragile,Mirror
Fragile,Porcelain
Fragile,Screen
Fragile,Glass bottle
Fragile,Decorative crystal item
Fragile,Photo frame
Fragile,Wine glass
Fragile,Vase
Fragile,Light bulb
Fragile,Plate
Fragile,Mirror
Fragile,Porcelain
Fragile,Screen
Fragile,Glass bottle
Fragile,Decorative crystal item
Fragile,Photo frame
